{"eta": "0:09:49",  "iter": 19,  "total_loss": 1.997,  "loss_cls": 1.095,  "loss_box_reg": 0.725,  "loss_rpn_cls": 0.021,  "loss_rpn_loc": 0.178,  "time": 0.7510,  "data_time": 0.0156,  "lr": 0.000020,  "max_mem": "3903M"}
{"eta": "0:09:26",  "iter": 39,  "total_loss": 1.804,  "loss_cls": 0.772,  "loss_box_reg": 0.787,  "loss_rpn_cls": 0.013,  "loss_rpn_loc": 0.151,  "time": 0.7483,  "data_time": 0.0050,  "lr": 0.000040,  "max_mem": "3903M"}
{"eta": "0:09:11",  "iter": 59,  "total_loss": 1.282,  "loss_cls": 0.501,  "loss_box_reg": 0.633,  "loss_rpn_cls": 0.013,  "loss_rpn_loc": 0.127,  "time": 0.7467,  "data_time": 0.0046,  "lr": 0.000060,  "max_mem": "3903M"}
{"eta": "0:08:56",  "iter": 79,  "total_loss": 1.098,  "loss_cls": 0.369,  "loss_box_reg": 0.581,  "loss_rpn_cls": 0.014,  "loss_rpn_loc": 0.098,  "time": 0.7438,  "data_time": 0.0049,  "lr": 0.000080,  "max_mem": "3903M"}
{"eta": "0:08:48",  "iter": 99,  "total_loss": 1.003,  "loss_cls": 0.299,  "loss_box_reg": 0.578,  "loss_rpn_cls": 0.008,  "loss_rpn_loc": 0.109,  "time": 0.7452,  "data_time": 0.0049,  "lr": 0.000100,  "max_mem": "3903M"}
{"eta": "0:08:29",  "iter": 119,  "total_loss": 1.007,  "loss_cls": 0.269,  "loss_box_reg": 0.642,  "loss_rpn_cls": 0.016,  "loss_rpn_loc": 0.130,  "time": 0.7420,  "data_time": 0.0045,  "lr": 0.000120,  "max_mem": "3903M"}
{"eta": "0:08:13",  "iter": 139,  "total_loss": 0.980,  "loss_cls": 0.221,  "loss_box_reg": 0.477,  "loss_rpn_cls": 0.008,  "loss_rpn_loc": 0.109,  "time": 0.7402,  "data_time": 0.0047,  "lr": 0.000140,  "max_mem": "3903M"}
{"eta": "0:07:56",  "iter": 159,  "total_loss": 0.907,  "loss_cls": 0.211,  "loss_box_reg": 0.599,  "loss_rpn_cls": 0.010,  "loss_rpn_loc": 0.118,  "time": 0.7396,  "data_time": 0.0049,  "lr": 0.000160,  "max_mem": "3903M"}
{"eta": "0:07:40",  "iter": 179,  "total_loss": 0.974,  "loss_cls": 0.191,  "loss_box_reg": 0.588,  "loss_rpn_cls": 0.014,  "loss_rpn_loc": 0.148,  "time": 0.7380,  "data_time": 0.0049,  "lr": 0.000180,  "max_mem": "3903M"}
{"eta": "0:07:26",  "iter": 199,  "total_loss": 0.792,  "loss_cls": 0.180,  "loss_box_reg": 0.569,  "loss_rpn_cls": 0.007,  "loss_rpn_loc": 0.085,  "time": 0.7389,  "data_time": 0.0049,  "lr": 0.000200,  "max_mem": "3903M"}
{"eta": "0:07:13",  "iter": 219,  "total_loss": 0.840,  "loss_cls": 0.173,  "loss_box_reg": 0.526,  "loss_rpn_cls": 0.010,  "loss_rpn_loc": 0.136,  "time": 0.7390,  "data_time": 0.0050,  "lr": 0.000220,  "max_mem": "3903M"}
{"eta": "0:06:54",  "iter": 239,  "total_loss": 0.809,  "loss_cls": 0.159,  "loss_box_reg": 0.527,  "loss_rpn_cls": 0.012,  "loss_rpn_loc": 0.090,  "time": 0.7360,  "data_time": 0.0051,  "lr": 0.000240,  "max_mem": "3903M"}
{"eta": "0:06:42",  "iter": 259,  "total_loss": 0.707,  "loss_cls": 0.134,  "loss_box_reg": 0.419,  "loss_rpn_cls": 0.008,  "loss_rpn_loc": 0.095,  "time": 0.7358,  "data_time": 0.0053,  "lr": 0.000260,  "max_mem": "3903M"}
{"eta": "0:06:24",  "iter": 279,  "total_loss": 0.699,  "loss_cls": 0.133,  "loss_box_reg": 0.375,  "loss_rpn_cls": 0.007,  "loss_rpn_loc": 0.136,  "time": 0.7342,  "data_time": 0.0050,  "lr": 0.000280,  "max_mem": "3903M"}
{"eta": "0:06:11",  "iter": 299,  "total_loss": 0.531,  "loss_cls": 0.119,  "loss_box_reg": 0.330,  "loss_rpn_cls": 0.010,  "loss_rpn_loc": 0.080,  "time": 0.7355,  "data_time": 0.0046,  "lr": 0.000300,  "max_mem": "3903M"}
{"eta": "0:05:56",  "iter": 319,  "total_loss": 0.733,  "loss_cls": 0.128,  "loss_box_reg": 0.418,  "loss_rpn_cls": 0.010,  "loss_rpn_loc": 0.126,  "time": 0.7354,  "data_time": 0.0050,  "lr": 0.000320,  "max_mem": "3903M"}
{"eta": "0:05:43",  "iter": 339,  "total_loss": 0.658,  "loss_cls": 0.109,  "loss_box_reg": 0.365,  "loss_rpn_cls": 0.005,  "loss_rpn_loc": 0.123,  "time": 0.7356,  "data_time": 0.0047,  "lr": 0.000340,  "max_mem": "3903M"}
{"eta": "0:05:26",  "iter": 359,  "total_loss": 0.656,  "loss_cls": 0.120,  "loss_box_reg": 0.381,  "loss_rpn_cls": 0.009,  "loss_rpn_loc": 0.146,  "time": 0.7342,  "data_time": 0.0046,  "lr": 0.000360,  "max_mem": "3903M"}
{"eta": "0:05:11",  "iter": 379,  "total_loss": 0.575,  "loss_cls": 0.103,  "loss_box_reg": 0.344,  "loss_rpn_cls": 0.004,  "loss_rpn_loc": 0.078,  "time": 0.7337,  "data_time": 0.0053,  "lr": 0.000380,  "max_mem": "3903M"}
{"eta": "0:04:56",  "iter": 399,  "total_loss": 0.684,  "loss_cls": 0.107,  "loss_box_reg": 0.388,  "loss_rpn_cls": 0.005,  "loss_rpn_loc": 0.111,  "time": 0.7336,  "data_time": 0.0045,  "lr": 0.000400,  "max_mem": "3903M"}
{"eta": "0:04:40",  "iter": 419,  "total_loss": 0.545,  "loss_cls": 0.098,  "loss_box_reg": 0.326,  "loss_rpn_cls": 0.002,  "loss_rpn_loc": 0.083,  "time": 0.7327,  "data_time": 0.0047,  "lr": 0.000420,  "max_mem": "3903M"}
{"eta": "0:04:25",  "iter": 439,  "total_loss": 0.571,  "loss_cls": 0.098,  "loss_box_reg": 0.346,  "loss_rpn_cls": 0.004,  "loss_rpn_loc": 0.061,  "time": 0.7316,  "data_time": 0.0048,  "lr": 0.000440,  "max_mem": "3903M"}
{"eta": "0:04:11",  "iter": 459,  "total_loss": 0.644,  "loss_cls": 0.108,  "loss_box_reg": 0.413,  "loss_rpn_cls": 0.004,  "loss_rpn_loc": 0.131,  "time": 0.7323,  "data_time": 0.0046,  "lr": 0.000460,  "max_mem": "3903M"}
{"eta": "0:03:56",  "iter": 479,  "total_loss": 0.641,  "loss_cls": 0.118,  "loss_box_reg": 0.390,  "loss_rpn_cls": 0.008,  "loss_rpn_loc": 0.114,  "time": 0.7314,  "data_time": 0.0052,  "lr": 0.000480,  "max_mem": "3903M"}
{"eta": "0:03:41",  "iter": 499,  "total_loss": 0.581,  "loss_cls": 0.105,  "loss_box_reg": 0.370,  "loss_rpn_cls": 0.006,  "loss_rpn_loc": 0.090,  "time": 0.7310,  "data_time": 0.0051,  "lr": 0.000500,  "max_mem": "3903M"}
{"eta": "0:03:26",  "iter": 519,  "total_loss": 0.643,  "loss_cls": 0.107,  "loss_box_reg": 0.410,  "loss_rpn_cls": 0.004,  "loss_rpn_loc": 0.105,  "time": 0.7312,  "data_time": 0.0045,  "lr": 0.000519,  "max_mem": "3903M"}
{"eta": "0:03:12",  "iter": 539,  "total_loss": 0.528,  "loss_cls": 0.082,  "loss_box_reg": 0.375,  "loss_rpn_cls": 0.004,  "loss_rpn_loc": 0.086,  "time": 0.7305,  "data_time": 0.0052,  "lr": 0.000539,  "max_mem": "3903M"}
{"eta": "0:02:57",  "iter": 559,  "total_loss": 0.591,  "loss_cls": 0.088,  "loss_box_reg": 0.353,  "loss_rpn_cls": 0.005,  "loss_rpn_loc": 0.120,  "time": 0.7301,  "data_time": 0.0049,  "lr": 0.000559,  "max_mem": "3903M"}
{"eta": "0:02:43",  "iter": 579,  "total_loss": 0.667,  "loss_cls": 0.130,  "loss_box_reg": 0.454,  "loss_rpn_cls": 0.004,  "loss_rpn_loc": 0.087,  "time": 0.7315,  "data_time": 0.0045,  "lr": 0.000579,  "max_mem": "3903M"}
{"eta": "0:02:27",  "iter": 599,  "total_loss": 0.646,  "loss_cls": 0.097,  "loss_box_reg": 0.381,  "loss_rpn_cls": 0.004,  "loss_rpn_loc": 0.143,  "time": 0.7299,  "data_time": 0.0046,  "lr": 0.000599,  "max_mem": "3903M"}
{"eta": "0:02:13",  "iter": 619,  "total_loss": 0.584,  "loss_cls": 0.101,  "loss_box_reg": 0.368,  "loss_rpn_cls": 0.002,  "loss_rpn_loc": 0.102,  "time": 0.7308,  "data_time": 0.0048,  "lr": 0.000619,  "max_mem": "3903M"}
{"eta": "0:01:58",  "iter": 639,  "total_loss": 0.542,  "loss_cls": 0.092,  "loss_box_reg": 0.363,  "loss_rpn_cls": 0.004,  "loss_rpn_loc": 0.084,  "time": 0.7306,  "data_time": 0.0045,  "lr": 0.000639,  "max_mem": "3903M"}
{"eta": "0:01:43",  "iter": 659,  "total_loss": 0.730,  "loss_cls": 0.108,  "loss_box_reg": 0.476,  "loss_rpn_cls": 0.007,  "loss_rpn_loc": 0.113,  "time": 0.7310,  "data_time": 0.0045,  "lr": 0.000659,  "max_mem": "3903M"}
{"eta": "0:01:29",  "iter": 679,  "total_loss": 0.566,  "loss_cls": 0.077,  "loss_box_reg": 0.378,  "loss_rpn_cls": 0.004,  "loss_rpn_loc": 0.102,  "time": 0.7307,  "data_time": 0.0046,  "lr": 0.000679,  "max_mem": "3903M"}
{"eta": "0:01:14",  "iter": 699,  "total_loss": 0.571,  "loss_cls": 0.072,  "loss_box_reg": 0.377,  "loss_rpn_cls": 0.005,  "loss_rpn_loc": 0.104,  "time": 0.7317,  "data_time": 0.0054,  "lr": 0.000699,  "max_mem": "3903M"}
{"eta": "0:01:00",  "iter": 719,  "total_loss": 0.671,  "loss_cls": 0.106,  "loss_box_reg": 0.430,  "loss_rpn_cls": 0.008,