{"eta": "0:04:31",  "iter": 19,  "total_loss": 2.023,  "loss_cls": 1.139,  "loss_box_reg": 0.649,  "loss_rpn_cls": 0.020,  "loss_rpn_loc": 0.183,  "time": 0.3520,  "data_time": 0.0275,  "lr": 0.000010,  "max_mem": "3200M"}
{"eta": "0:04:35",  "iter": 39,  "total_loss": 1.854,  "loss_cls": 0.974,  "loss_box_reg": 0.629,  "loss_rpn_cls": 0.015,  "loss_rpn_loc": 0.207,  "time": 0.3545,  "data_time": 0.0055,  "lr": 0.000020,  "max_mem": "3200M"}
{"eta": "0:04:25",  "iter": 59,  "total_loss": 1.436,  "loss_cls": 0.686,  "loss_box_reg": 0.521,  "loss_rpn_cls": 0.020,  "loss_rpn_loc": 0.153,  "time": 0.3533,  "data_time": 0.0046,  "lr": 0.000030,  "max_mem": "3200M"}
{"eta": "0:04:21",  "iter": 79,  "total_loss": 1.398,  "loss_cls": 0.548,  "loss_box_reg": 0.709,  "loss_rpn_cls": 0.017,  "loss_rpn_loc": 0.089,  "time": 0.3546,  "data_time": 0.0048,  "lr": 0.000040,  "max_mem": "3201M"}
{"eta": "0:04:13",  "iter": 99,  "total_loss": 1.232,  "loss_cls": 0.446,  "loss_box_reg": 0.641,  "loss_rpn_cls": 0.011,  "loss_rpn_loc": 0.121,  "time": 0.3544,  "data_time": 0.0055,  "lr": 0.000050,  "max_mem": "3201M"}
{"eta": "0:04:04",  "iter": 119,  "total_loss": 1.344,  "loss_cls": 0.420,  "loss_box_reg": 0.762,  "loss_rpn_cls": 0.015,  "loss_rpn_loc": 0.152,  "time": 0.3517,  "data_time": 0.0060,  "lr": 0.000060,  "max_mem": "3201M"}
{"eta": "0:03:59",  "iter": 139,  "total_loss": 1.041,  "loss_cls": 0.332,  "loss_box_reg": 0.589,  "loss_rpn_cls": 0.017,  "loss_rpn_loc": 0.100,  "time": 0.3528,  "data_time": 0.0058,  "lr": 0.000070,  "max_mem": "3201M"}
{"eta": "0:03:50",  "iter": 159,  "total_loss": 1.022,  "loss_cls": 0.293,  "loss_box_reg": 0.600,  "loss_rpn_cls": 0.013,  "loss_rpn_loc": 0.088,  "time": 0.3515,  "data_time": 0.0050,  "lr": 0.000080,  "max_mem": "3201M"}
{"eta": "0:03:41",  "iter": 179,  "total_loss": 1.021,  "loss_cls": 0.255,  "loss_box_reg": 0.633,  "loss_rpn_cls": 0.009,  "loss_rpn_loc": 0.125,  "time": 0.3511,  "data_time": 0.0055,  "lr": 0.000090,  "max_mem": "3201M"}
{"eta": "0:03:34",  "iter": 199,  "total_loss": 0.877,  "loss_cls": 0.228,  "loss_box_reg": 0.563,  "loss_rpn_cls": 0.015,  "loss_rpn_loc": 0.060,  "time": 0.3508,  "data_time": 0.0055,  "lr": 0.000100,  "max_mem": "3201M"}
{"eta": "0:03:27",  "iter": 219,  "total_loss": 0.941,  "loss_cls": 0.208,  "loss_box_reg": 0.563,  "loss_rpn_cls": 0.014,  "loss_rpn_loc": 0.093,  "time": 0.3509,  "data_time": 0.0052,  "lr": 0.000110,  "max_mem": "3201M"}
{"eta": "0:03:20",  "iter": 239,  "total_loss": 0.944,  "loss_cls": 0.188,  "loss_box_reg": 0.604,  "loss_rpn_cls": 0.009,  "loss_rpn_loc": 0.081,  "time": 0.3513,  "data_time": 0.0054,  "lr": 0.000120,  "max_mem": "3201M"}
{"eta": "0:03:14",  "iter": 259,  "total_loss": 0.923,  "loss_cls": 0.188,  "loss_box_reg": 0.465,  "loss_rpn_cls": 0.010,  "loss_rpn_loc": 0.111,  "time": 0.3521,  "data_time": 0.0049,  "lr": 0.000130,  "max_mem": "3201M"}
{"eta": "0:03:07",  "iter": 279,  "total_loss": 0.842,  "loss_cls": 0.166,  "loss_box_reg": 0.560,  "loss_rpn_cls": 0.010,  "loss_rpn_loc": 0.086,  "time": 0.3523,  "data_time": 0.0053,  "lr": 0.000140,  "max_mem": "3201M"}
{"eta": "0:02:59",  "iter": 299,  "total_loss": 0.910,  "loss_cls": 0.177,  "loss_box_reg": 0.559,  "loss_rpn_cls": 0.006,  "loss_rpn_loc": 0.108,  "time": 0.3524,  "data_time": 0.0046,  "lr": 0.000150,  "max_mem": "3201M"}
{"eta": "0:02:52",  "iter": 319,  "total_loss": 0.785,  "loss_cls": 0.154,  "loss_box_reg": 0.498,  "loss_rpn_cls": 0.009,  "loss_rpn_loc": 0.131,  "time": 0.3526,  "data_time": 0.0048,  "lr": 0.000160,  "max_mem": "3201M"}
{"eta": "0:02:45",  "iter": 339,  "total_loss": 0.819,  "loss_cls": 0.151,  "loss_box_reg": 0.540,  "loss_rpn_cls": 0.011,  "loss_rpn_loc": 0.116,  "time": 0.3525,  "data_time": 0.0054,  "lr": 0.000170,  "max_mem": "3201M"}
{"eta": "0:02:38",  "iter": 359,  "total_loss": 0.708,  "loss_cls": 0.121,  "loss_box_reg": 0.496,  "loss_rpn_cls": 0.006,  "loss_rpn_loc": 0.098,  "time": 0.3533,  "data_time": 0.0052,  "lr": 0.000180,  "max_mem": "3201M"}
{"eta": "0:02:32",  "iter": 379,  "total_loss": 0.714,  "loss_cls": 0.147,  "loss_box_reg": 0.435,  "loss_rpn_cls": 0.009,  "loss_rpn_loc": 0.095,  "time": 0.3534,  "data_time": 0.0058,  "lr": 0.000190,  "max_mem": "3201M"}
{"eta": "0:02:24",  "iter": 399,  "total_loss": 0.693,  "loss_cls": 0.116,  "loss_box_reg": 0.478,  "loss_rpn_cls": 0.006,  "loss_rpn_loc": 0.090,  "time": 0.3532,  "data_time": 0.0053,  "lr": 0.000200,  "max_mem": "3201M"}
{"eta": "0:02:17",  "iter": 419,  "total_loss": 0.672,  "loss_cls": 0.126,  "loss_box_reg": 0.377,  "loss_rpn_cls": 0.008,  "loss_rpn_loc": 0.095,  "time": 0.3535,  "data_time": 0.0049,  "lr": 0.000210,  "max_mem": "3201M"}
{"eta": "0:02:10",  "iter": 439,  "total_loss": 0.713,  "loss_cls": 0.128,  "loss_box_reg": 0.412,  "loss_rpn_cls": 0.004,  "loss_rpn_loc": 0.133,  "time": 0.3534,  "data_time": 0.0048,  "lr": 0.000220,  "max_mem": "3201M"}
{"eta": "0:02:03",  "iter": 459,  "total_loss": 0.549,  "loss_cls": 0.121,  "loss_box_reg": 0.360,  "loss_rpn_cls": 0.002,  "loss_rpn_loc": 0.074,  "time": 0.3536,  "data_time": 0.0048,  "lr": 0.000230,  "max_mem": "3201M"}
{"eta": "0:01:55",  "iter": 479,  "total_loss": 0.612,  "loss_cls": 0.108,  "loss_box_reg": 0.375,  "loss_rpn_cls": 0.006,  "loss_rpn_loc": 0.067,  "time": 0.3536,  "data_time": 0.0049,  "lr": 0.000240,  "max_mem": "3201M"}
{"eta": "0:01:48",  "iter": 499,  "total_loss": 0.589,  "loss_cls": 0.111,  "loss_box_reg": 0.409,  "loss_rpn_cls": 0.006,  "loss_rpn_loc": 0.076,  "time": 0.3532,  "data_time": 0.0053,  "lr": 0.000250,  "max_mem": "3201M"}
{"eta": "0:01:41",  "iter": 519,  "total_loss": 0.647,  "loss_cls": 0.116,  "loss_box_reg": 0.420,  "loss_rpn_cls": 0.003,  "loss_rpn_loc": 0.090,  "time": 0.3531,  "data_time": 0.0062,  "lr": 0.000260,  "max_mem": "3201M"}
{"eta": "0:01:33",  "iter": 539,  "total_loss": 0.731,  "loss_cls": 0.127,  "loss_box_reg": 0.412,  "loss_rpn_cls": 0.009,  "loss_rpn_loc": 0.131,  "time": 0.3532,  "data_time": 0.0055,  "lr": 0.000270,  "max_mem": "3201M"}
{"eta": "0:01:26",  "iter": 559,  "total_loss": 0.641,  "loss_cls": 0.103,  "loss_box_reg": 0.403,  "loss_rpn_cls": 0.005,  "loss_rpn_loc": 0.141,  "time": 0.3531,  "data_time": 0.0049,  "lr": 0.000280,  "max_mem": "3201M"}
{"eta": "0:01:19",  "iter": 579,  "total_loss": 0.641,  "loss_cls": 0.109,  "loss_box_reg": 0.372,  "loss_rpn_cls": 0.003,  "loss_rpn_loc": 0.113,  "time": 0.3529,  "data_time": 0.0058,  "lr": 0.000290,  "max_mem": "3201M"}
{"eta": "0:01:12",  "iter": 599,  "total_loss": 0.504,  "loss_cls": 0.098,  "loss_box_reg": 0.327,  "loss_rpn_cls": 0.006,  "loss_rpn_loc": 0.073,  "time": 0.3529,  "data_time": 0.0049,  "lr": 0.000300,  "max_mem": "3201M"}
{"eta": "0:01:05",  "iter": 619,  "total_loss": 0.567,  "loss_cls": 0.087,  "loss_box_reg": 0.361,  "loss_rpn_cls": 0.005,  "loss_rpn_loc": 0.061,  "time": 0.3530,  "data_time": 0.0044,  "lr": 0.000310,  "max_mem": "3201M"}
{"eta": "0:00:57",  "iter": 639,  "total_loss": 0.581,  "loss_cls": 0.095,  "loss_box_reg": 0.358,  "loss_rpn_cls": 0.004,  "loss_rpn_loc": 0.085,  "time": 0.3530,  "data_time": 0.0047,  "lr": 0.000320,  "max_mem": "3201M"}
{"eta": "0:00:50",  "iter": 659,  "total_loss": 0.544,  "loss_cls": 0.085,  "loss_box_reg": 0.364,  "loss_rpn_cls": 0.008,  "loss_rpn_loc": 0.100,  "time": 0.3528,  "data_time": 0.0052,  "lr": 0.000330,  "max_mem": "3201M"}
{"eta": "0:00:43",  "iter": 679,  "total_loss": 0.696,  "loss_cls": 0.106,  "loss_box_reg": 0.376,  "loss_rpn_cls": 0.005,  "loss_rpn_loc": 0.187,  "time": 0.3529,  "data_time": 0.0057,  "lr": 0.000340,  "max_mem": "3201M"}
{"eta": "0:00:36",  "iter": 699,  "total_loss": 0.480,  "loss_cls": 0.085,  "loss_box_reg": 0.302,  "loss_rpn_cls": 0.005,  "loss_rpn_loc": 0.096,  "time": 0.3533,  "data_time": 0.0062,  "lr": 0.000350,  "max_mem": "3201M"}
{"eta": "0:00:29",  "iter": 719,  "total_loss": 0.640,  "loss_cls": 0.103,  "loss_box_reg": 0.378,  "loss_rpn_cls": 0.006,