{"eta": "0:04:29",  "iter": 19,  "total_loss": 1.764,  "loss_cls": 1.024,  "loss_box_reg": 0.599,  "loss_rpn_cls": 0.018,  "loss_rpn_loc": 0.207,  "time": 0.3448,  "data_time": 0.0185,  "lr": 0.000010,  "max_mem": "8009M"}
{"eta": "0:04:23",  "iter": 39,  "total_loss": 1.548,  "loss_cls": 0.832,  "loss_box_reg": 0.542,  "loss_rpn_cls": 0.025,  "loss_rpn_loc": 0.155,  "time": 0.3399,  "data_time": 0.0044,  "lr": 0.000020,  "max_mem": "8009M"}
{"eta": "0:04:16",  "iter": 59,  "total_loss": 1.503,  "loss_cls": 0.642,  "loss_box_reg": 0.655,  "loss_rpn_cls": 0.014,  "loss_rpn_loc": 0.105,  "time": 0.3412,  "data_time": 0.0043,  "lr": 0.000030,  "max_mem": "8009M"}
{"eta": "0:04:12",  "iter": 79,  "total_loss": 1.311,  "loss_cls": 0.477,  "loss_box_reg": 0.647,  "loss_rpn_cls": 0.010,  "loss_rpn_loc": 0.145,  "time": 0.3455,  "data_time": 0.0049,  "lr": 0.000040,  "max_mem": "8009M"}
{"eta": "0:04:04",  "iter": 99,  "total_loss": 1.187,  "loss_cls": 0.448,  "loss_box_reg": 0.643,  "loss_rpn_cls": 0.015,  "loss_rpn_loc": 0.129,  "time": 0.3445,  "data_time": 0.0046,  "lr": 0.000050,  "max_mem": "8009M"}
{"eta": "0:03:56",  "iter": 119,  "total_loss": 1.212,  "loss_cls": 0.398,  "loss_box_reg": 0.693,  "loss_rpn_cls": 0.014,  "loss_rpn_loc": 0.099,  "time": 0.3434,  "data_time": 0.0044,  "lr": 0.000060,  "max_mem": "8009M"}
{"eta": "0:03:50",  "iter": 139,  "total_loss": 1.244,  "loss_cls": 0.354,  "loss_box_reg": 0.726,  "loss_rpn_cls": 0.011,  "loss_rpn_loc": 0.150,  "time": 0.3445,  "data_time": 0.0041,  "lr": 0.000070,  "max_mem": "8009M"}
{"eta": "0:03:44",  "iter": 159,  "total_loss": 1.092,  "loss_cls": 0.310,  "loss_box_reg": 0.589,  "loss_rpn_cls": 0.011,  "loss_rpn_loc": 0.114,  "time": 0.3459,  "data_time": 0.0044,  "lr": 0.000080,  "max_mem": "8009M"}
{"eta": "0:03:37",  "iter": 179,  "total_loss": 1.229,  "loss_cls": 0.302,  "loss_box_reg": 0.784,  "loss_rpn_cls": 0.009,  "loss_rpn_loc": 0.135,  "time": 0.3468,  "data_time": 0.0048,  "lr": 0.000090,  "max_mem": "8009M"}
{"eta": "0:03:30",  "iter": 199,  "total_loss": 1.025,  "loss_cls": 0.207,  "loss_box_reg": 0.664,  "loss_rpn_cls": 0.009,  "loss_rpn_loc": 0.097,  "time": 0.3460,  "data_time": 0.0046,  "lr": 0.000100,  "max_mem": "8009M"}
{"eta": "0:03:23",  "iter": 219,  "total_loss": 0.988,  "loss_cls": 0.203,  "loss_box_reg": 0.565,  "loss_rpn_cls": 0.011,  "loss_rpn_loc": 0.112,  "time": 0.3476,  "data_time": 0.0050,  "lr": 0.000110,  "max_mem": "8009M"}
{"eta": "0:03:17",  "iter": 239,  "total_loss": 0.938,  "loss_cls": 0.179,  "loss_box_reg": 0.595,  "loss_rpn_cls": 0.016,  "loss_rpn_loc": 0.125,  "time": 0.3481,  "data_time": 0.0049,  "lr": 0.000120,  "max_mem": "8009M"}
{"eta": "0:03:09",  "iter": 259,  "total_loss": 0.862,  "loss_cls": 0.162,  "loss_box_reg": 0.553,  "loss_rpn_cls": 0.008,  "loss_rpn_loc": 0.075,  "time": 0.3479,  "data_time": 0.0050,  "lr": 0.000130,  "max_mem": "8009M"}
{"eta": "0:03:03",  "iter": 279,  "total_loss": 0.774,  "loss_cls": 0.148,  "loss_box_reg": 0.526,  "loss_rpn_cls": 0.013,  "loss_rpn_loc": 0.088,  "time": 0.3487,  "data_time": 0.0044,  "lr": 0.000140,  "max_mem": "8009M"}
{"eta": "0:02:57",  "iter": 299,  "total_loss": 0.809,  "loss_cls": 0.176,  "loss_box_reg": 0.526,  "loss_rpn_cls": 0.005,  "loss_rpn_loc": 0.098,  "time": 0.3495,  "data_time": 0.0046,  "lr": 0.000150,  "max_mem": "8009M"}
{"eta": "0:02:50",  "iter": 319,  "total_loss": 0.820,  "loss_cls": 0.181,  "loss_box_reg": 0.538,  "loss_rpn_cls": 0.006,  "loss_rpn_loc": 0.132,  "time": 0.3497,  "data_time": 0.0049,  "lr": 0.000160,  "max_mem": "8009M"}
{"eta": "0:02:43",  "iter": 339,  "total_loss": 0.815,  "loss_cls": 0.157,  "loss_box_reg": 0.468,  "loss_rpn_cls": 0.005,  "loss_rpn_loc": 0.109,  "time": 0.3496,  "data_time": 0.0051,  "lr": 0.000170,  "max_mem": "8009M"}
{"eta": "0:02:36",  "iter": 359,  "total_loss": 0.680,  "loss_cls": 0.132,  "loss_box_reg": 0.477,  "loss_rpn_cls": 0.007,  "loss_rpn_loc": 0.073,  "time": 0.3501,  "data_time": 0.0043,  "lr": 0.000180,  "max_mem": "8009M"}
{"eta": "0:02:29",  "iter": 379,  "total_loss": 0.610,  "loss_cls": 0.142,  "loss_box_reg": 0.380,  "loss_rpn_cls": 0.005,  "loss_rpn_loc": 0.105,  "time": 0.3499,  "data_time": 0.0046,  "lr": 0.000190,  "max_mem": "8009M"}
{"eta": "0:02:22",  "iter": 399,  "total_loss": 0.708,  "loss_cls": 0.127,  "loss_box_reg": 0.443,  "loss_rpn_cls": 0.007,  "loss_rpn_loc": 0.063,  "time": 0.3502,  "data_time": 0.0045,  "lr": 0.000200,  "max_mem": "8009M"}
{"eta": "0:02:15",  "iter": 419,  "total_loss": 0.682,  "loss_cls": 0.140,  "loss_box_reg": 0.415,  "loss_rpn_cls": 0.007,  "loss_rpn_loc": 0.083,  "time": 0.3505,  "data_time": 0.0051,  "lr": 0.000210,  "max_mem": "8009M"}
{"eta": "0:02:08",  "iter": 439,  "total_loss": 0.685,  "loss_cls": 0.126,  "loss_box_reg": 0.460,  "loss_rpn_cls": 0.006,  "loss_rpn_loc": 0.092,  "time": 0.3509,  "data_time": 0.0048,  "lr": 0.000220,  "max_mem": "8009M"}
{"eta": "0:02:01",  "iter": 459,  "total_loss": 0.698,  "loss_cls": 0.125,  "loss_box_reg": 0.436,  "loss_rpn_cls": 0.004,  "loss_rpn_loc": 0.100,  "time": 0.3505,  "data_time": 0.0046,  "lr": 0.000230,  "max_mem": "8009M"}
{"eta": "0:01:54",  "iter": 479,  "total_loss": 0.642,  "loss_cls": 0.111,  "loss_box_reg": 0.392,  "loss_rpn_cls": 0.004,  "loss_rpn_loc": 0.111,  "time": 0.3508,  "data_time": 0.0047,  "lr": 0.000240,  "max_mem": "8009M"}
{"eta": "0:01:47",  "iter": 499,  "total_loss": 0.651,  "loss_cls": 0.119,  "loss_box_reg": 0.397,  "loss_rpn_cls": 0.007,  "loss_rpn_loc": 0.103,  "time": 0.3514,  "data_time": 0.0054,  "lr": 0.000250,  "max_mem": "8009M"}
{"eta": "0:01:40",  "iter": 519,  "total_loss": 0.676,  "loss_cls": 0.115,  "loss_box_reg": 0.426,  "loss_rpn_cls": 0.007,  "loss_rpn_loc": 0.115,  "time": 0.3515,  "data_time": 0.0043,  "lr": 0.000260,  "max_mem": "8009M"}
{"eta": "0:01:33",  "iter": 539,  "total_loss": 0.644,  "loss_cls": 0.116,  "loss_box_reg": 0.382,  "loss_rpn_cls": 0.003,  "loss_rpn_loc": 0.100,  "time": 0.3512,  "data_time": 0.0048,  "lr": 0.000270,  "max_mem": "8009M"}
{"eta": "0:01:25",  "iter": 559,  "total_loss": 0.648,  "loss_cls": 0.113,  "loss_box_reg": 0.426,  "loss_rpn_cls": 0.005,  "loss_rpn_loc": 0.145,  "time": 0.3508,  "data_time": 0.0048,  "lr": 0.000280,  "max_mem": "8009M"}
{"eta": "0:01:18",  "iter": 579,  "total_loss": 0.747,  "loss_cls": 0.133,  "loss_box_reg": 0.460,  "loss_rpn_cls": 0.004,  "loss_rpn_loc": 0.123,  "time": 0.3512,  "data_time": 0.0046,  "lr": 0.000290,  "max_mem": "8009M"}
{"eta": "0:01:11",  "iter": 599,  "total_loss": 0.661,  "loss_cls": 0.109,  "loss_box_reg": 0.423,  "loss_rpn_cls": 0.007,  "loss_rpn_loc": 0.107,  "time": 0.3511,  "data_time": 0.0047,  "lr": 0.000300,  "max_mem": "8009M"}
{"eta": "0:01:04",  "iter": 619,  "total_loss": 0.691,  "loss_cls": 0.128,  "loss_box_reg": 0.465,  "loss_rpn_cls": 0.003,  "loss_rpn_loc": 0.105,  "time": 0.3511,  "data_time": 0.0045,  "lr": 0.000310,  "max_mem": "8009M"}
{"eta": "0:00:57",  "iter": 639,  "total_loss": 0.597,  "loss_cls": 0.110,  "loss_box_reg": 0.398,  "loss_rpn_cls": 0.005,  "loss_rpn_loc": 0.096,  "time": 0.3513,  "data_time": 0.0044,  "lr": 0.000320,  "max_mem": "8009M"}
{"eta": "0:00:50",  "iter": 659,  "total_loss": 0.505,  "loss_cls": 0.085,  "loss_box_reg": 0.365,  "loss_rpn_cls": 0.003,  "loss_rpn_loc": 0.065,  "time": 0.3514,  "data_time": 0.0051,  "lr": 0.000330,  "max_mem": "8009M"}
{"eta": "0:00:43",  "iter": 679,  "total_loss": 0.613,  "loss_cls": 0.087,  "loss_box_reg": 0.396,  "loss_rpn_cls": 0.004,  "loss_rpn_loc": 0.065,  "time": 0.3517,  "data_time": 0.0046,  "lr": 0.000340,  "max_mem": "8009M"}
{"eta": "0:00:36",  "iter": 699,  "total_loss": 0.636,  "loss_cls": 0.114,  "loss_box_reg": 0.388,  "loss_rpn_cls": 0.003,  "loss_rpn_loc": 0.101,  "time": 0.3515,  "data_time": 0.0050,  "lr": 0.000350,  "max_mem": "8009M"}
{"eta": "0:00:28",  "iter": 719,  "total_loss": 0.619,  "loss_cls": 0.118,  "loss_box_reg": 0.421,  "loss_rpn_cls": 0.007,