{"eta": "0:04:41",  "iter": 19,   "total_loss": 1.687,  "loss_cls": 1.045,  "loss_box_reg": 0.456,  "loss_rpn_cls": 0.055,  "loss_rpn_loc": 0.112,  "time": 0.3458,  "data_time": 0.0307,  "lr": 0.000010,  "max_mem": "3209M"}
{"eta": "0:04:18",  "iter": 39,   "total_loss": 1.709,  "loss_cls": 0.852,  "loss_box_reg": 0.495,  "loss_rpn_cls": 0.042,  "loss_rpn_loc": 0.203,  "time": 0.3400,  "data_time": 0.0040,  "lr": 0.000020,  "max_mem": "3209M"}
{"eta": "0:04:13",  "iter": 59,   "total_loss": 1.346,  "loss_cls": 0.639,  "loss_box_reg": 0.554,  "loss_rpn_cls": 0.020,  "loss_rpn_loc": 0.129,  "time": 0.3376,  "data_time": 0.0036,  "lr": 0.000030,  "max_mem": "3209M"}
{"eta": "0:04:07",  "iter": 79,   "total_loss": 1.074,  "loss_cls": 0.449,  "loss_box_reg": 0.470,  "loss_rpn_cls": 0.049,  "loss_rpn_loc": 0.102,  "time": 0.3394,  "data_time": 0.0039,  "lr": 0.000040,  "max_mem": "3209M"}
{"eta": "0:04:00",  "iter": 99,   "total_loss": 1.067,  "loss_cls": 0.390,  "loss_box_reg": 0.461,  "loss_rpn_cls": 0.024,  "loss_rpn_loc": 0.107,  "time": 0.3396,  "data_time": 0.0038,  "lr": 0.000050,  "max_mem": "3209M"}
{"eta": "0:03:53",  "iter": 119,  "total_loss": 0.959,  "loss_cls": 0.316,  "loss_box_reg": 0.446,  "loss_rpn_cls": 0.023,  "loss_rpn_loc": 0.112,  "time": 0.3404,  "data_time": 0.0040,  "lr": 0.000060,  "max_mem": "3209M"}
{"eta": "0:03:47",  "iter": 139,  "total_loss": 0.810,  "loss_cls": 0.264,  "loss_box_reg": 0.389,  "loss_rpn_cls": 0.044,  "loss_rpn_loc": 0.076,  "time": 0.3413,  "data_time": 0.0041,  "lr": 0.000070,  "max_mem": "3209M"}
{"eta": "0:03:40",  "iter": 159,  "total_loss": 0.808,  "loss_cls": 0.237,  "loss_box_reg": 0.378,  "loss_rpn_cls": 0.037,  "loss_rpn_loc": 0.107,  "time": 0.3416,  "data_time": 0.0038,  "lr": 0.000080,  "max_mem": "3209M"}
{"eta": "0:03:33",  "iter": 179,  "total_loss": 0.827,  "loss_cls": 0.241,  "loss_box_reg": 0.403,  "loss_rpn_cls": 0.036,  "loss_rpn_loc": 0.106,  "time": 0.3414,  "data_time": 0.0041,  "lr": 0.000090,  "max_mem": "3209M"}
{"eta": "0:03:26",  "iter": 199,  "total_loss": 0.833,  "loss_cls": 0.230,  "loss_box_reg": 0.366,  "loss_rpn_cls": 0.031,  "loss_rpn_loc": 0.077,  "time": 0.3405,  "data_time": 0.0040,  "lr": 0.000100,  "max_mem": "3209M"}
{"eta": "0:03:19",  "iter": 219,  "total_loss": 0.722,  "loss_cls": 0.196,  "loss_box_reg": 0.372,  "loss_rpn_cls": 0.026,  "loss_rpn_loc": 0.095,  "time": 0.3405,  "data_time": 0.0040,  "lr": 0.000110,  "max_mem": "3209M"}
{"eta": "0:03:12",  "iter": 239,  "total_loss": 0.852,  "loss_cls": 0.200,  "loss_box_reg": 0.515,  "loss_rpn_cls": 0.022,  "loss_rpn_loc": 0.111,  "time": 0.3409,  "data_time": 0.0040,  "lr": 0.000120,  "max_mem": "3209M"}
{"eta": "0:03:05",  "iter": 259,  "total_loss": 0.843,  "loss_cls": 0.194,  "loss_box_reg": 0.503,  "loss_rpn_cls": 0.024,  "loss_rpn_loc": 0.090,  "time": 0.3418,  "data_time": 0.0037,  "lr": 0.000130,  "max_mem": "3209M"}
{"eta": "0:03:00",  "iter": 279,  "total_loss": 0.823,  "loss_cls": 0.150,  "loss_box_reg": 0.490,  "loss_rpn_cls": 0.017,  "loss_rpn_loc": 0.090,  "time": 0.3423,  "data_time": 0.0037,  "lr": 0.000140,  "max_mem": "3209M"}
{"eta": "0:02:52",  "iter": 299,  "total_loss": 0.750,  "loss_cls": 0.163,  "loss_box_reg": 0.469,  "loss_rpn_cls": 0.019,  "loss_rpn_loc": 0.150,  "time": 0.3424,  "data_time": 0.0039,  "lr": 0.000150,  "max_mem": "3209M"}
{"eta": "0:02:46",  "iter": 319,  "total_loss": 0.744,  "loss_cls": 0.155,  "loss_box_reg": 0.427,  "loss_rpn_cls": 0.025,  "loss_rpn_loc": 0.121,  "time": 0.3427,  "data_time": 0.0039,  "lr": 0.000160,  "max_mem": "3209M"}
{"eta": "0:02:40",  "iter": 339,  "total_loss": 0.524,  "loss_cls": 0.137,  "loss_box_reg": 0.348,  "loss_rpn_cls": 0.021,  "loss_rpn_loc": 0.074,  "time": 0.3436,  "data_time": 0.0040,  "lr": 0.000170,  "max_mem": "3209M"}
{"eta": "0:02:33",  "iter": 359,  "total_loss": 0.716,  "loss_cls": 0.140,  "loss_box_reg": 0.391,  "loss_rpn_cls": 0.021,  "loss_rpn_loc": 0.074,  "time": 0.3432,  "data_time": 0.0040,  "lr": 0.000180,  "max_mem": "3209M"}
{"eta": "0:02:26",  "iter": 379,  "total_loss": 0.685,  "loss_cls": 0.158,  "loss_box_reg": 0.363,  "loss_rpn_cls": 0.024,  "loss_rpn_loc": 0.113,  "time": 0.3431,  "data_time": 0.0038,  "lr": 0.000190,  "max_mem": "3209M"}
{"eta": "0:02:19",  "iter": 399,  "total_loss": 0.532,  "loss_cls": 0.112,  "loss_box_reg": 0.303,  "loss_rpn_cls": 0.019,  "loss_rpn_loc": 0.130,  "time": 0.3434,  "data_time": 0.0038,  "lr": 0.000200,  "max_mem": "3209M"}
{"eta": "0:02:12",  "iter": 419,  "total_loss": 0.613,  "loss_cls": 0.118,  "loss_box_reg": 0.406,  "loss_rpn_cls": 0.018,  "loss_rpn_loc": 0.075,  "time": 0.3432,  "data_time": 0.0039,  "lr": 0.000210,  "max_mem": "3209M"}
{"eta": "0:02:05",  "iter": 439,  "total_loss": 0.643,  "loss_cls": 0.136,  "loss_box_reg": 0.363,  "loss_rpn_cls": 0.021,  "loss_rpn_loc": 0.101,  "time": 0.3434,  "data_time": 0.0041,  "lr": 0.000220,  "max_mem": "3209M"}
{"eta": "0:01:58",  "iter": 459,  "total_loss": 0.594,  "loss_cls": 0.115,  "loss_box_reg": 0.361,  "loss_rpn_cls": 0.021,  "loss_rpn_loc": 0.113,  "time": 0.3431,  "data_time": 0.0039,  "lr": 0.000230,  "max_mem": "3209M"}
{"eta": "0:01:51",  "iter": 479,  "total_loss": 0.592,  "loss_cls": 0.115,  "loss_box_reg": 0.316,  "loss_rpn_cls": 0.014,  "loss_rpn_loc": 0.074,  "time": 0.3435,  "data_time": 0.0038,  "lr": 0.000240,  "max_mem": "3209M"}
{"eta": "0:01:45",  "iter": 499,  "total_loss": 0.604,  "loss_cls": 0.118,  "loss_box_reg": 0.344,  "loss_rpn_cls": 0.023,  "loss_rpn_loc": 0.136,  "time": 0.3439,  "data_time": 0.0038,  "lr": 0.000250,  "max_mem": "3209M"}
{"eta": "0:01:38",  "iter": 519,  "total_loss": 0.597,  "loss_cls": 0.112,  "loss_box_reg": 0.343,  "loss_rpn_cls": 0.016,  "loss_rpn_loc": 0.123,  "time": 0.3444,  "data_time": 0.0038,  "lr": 0.000260,  "max_mem": "3209M"}
{"eta": "0:01:31",  "iter": 539,  "total_loss": 0.534,  "loss_cls": 0.116,  "loss_box_reg": 0.307,  "loss_rpn_cls": 0.012,  "loss_rpn_loc": 0.074,  "time": 0.3445,  "data_time": 0.0038,  "lr": 0.000270,  "max_mem": "3209M"}
{"eta": "0:01:24",  "iter": 559,  "total_loss": 0.609,  "loss_cls": 0.107,  "loss_box_reg": 0.347,  "loss_rpn_cls": 0.017,  "loss_rpn_loc": 0.080,  "time": 0.3446,  "data_time": 0.0039,  "lr": 0.000280,  "max_mem": "3209M"}
{"eta": "0:01:17",  "iter": 579,  "total_loss": 0.592,  "loss_cls": 0.110,  "loss_box_reg": 0.356,  "loss_rpn_cls": 0.020,  "loss_rpn_loc": 0.105,  "time": 0.3447,  "data_time": 0.0037,  "lr": 0.000290,  "max_mem": "3209M"}
{"eta": "0:01:10",  "iter": 599,  "total_loss": 0.512,  "loss_cls": 0.100,  "loss_box_reg": 0.319,  "loss_rpn_cls": 0.016,  "loss_rpn_loc": 0.088,  "time": 0.3447,  "data_time": 0.0039,  "lr": 0.000300,  "max_mem": "3209M"}
{"eta": "0:01:03",  "iter": 619,  "total_loss": 0.683,  "loss_cls": 0.117,  "loss_box_reg": 0.414,  "loss_rpn_cls": 0.010,  "loss_rpn_loc": 0.111,  "time": 0.3451,  "data_time": 0.0037,  "lr": 0.000310,  "max_mem": "3209M"}
{"eta": "0:00:56",  "iter": 639,  "total_loss": 0.494,  "loss_cls": 0.106,  "loss_box_reg": 0.234,  "loss_rpn_cls": 0.014,  "loss_rpn_loc": 0.062,  "time": 0.3448,  "data_time": 0.0042,  "lr": 0.000320,  "max_mem": "3209M"}
{"eta": "0:00:49",  "iter": 659,  "total_loss": 0.655,  "loss_cls": 0.132,  "loss_box_reg": 0.434,  "loss_rpn_cls": 0.013,  "loss_rpn_loc": 0.126,  "time": 0.3447,  "data_time": 0.0040,  "lr": 0.000330,  "max_mem": "3209M"}
{"eta": "0:00:42",  "iter": 679,  "total_loss": 0.511,  "loss_cls": 0.090,  "loss_box_reg": 0.318,  "loss_rpn_cls": 0.011,  "loss_rpn_loc": 0.068,  "time": 0.3450,  "data_time": 0.0041,  "lr": 0.000340,  "max_mem": "3209M"}
{"eta": "0:00:35",  "iter": 699,  "total_loss": 0.584,  "loss_cls": 0.110,  "loss_box_reg": 0.293,  "loss_rpn_cls": 0.016,  "loss_rpn_loc": 0.119,  "time": 0.3450,  "data_time": 0.0041,  "lr": 0.000350,  "max_mem": "3209M"}
{"eta": "0:00:28",  "iter": 719,  "total_loss": 0.491,  "loss_cls": 0.101,  "loss_box_reg": 0.271,  "loss_rpn_cls": 0.015,